{"cameraMode":{"drawMode":0,"name":"Shaded","section":"Shading Mode"},"sceneLighting":false,"audioPlay":false,"sceneViewState":{"showFog":true,"showMaterialUpdate":false,"showSkybox":false,"showFlares":true,"showImageEffects":true,"showParticleSystems":true},"in2DMode":false,"pivot":{"x":35.900001525878909,"y":3.0411009788513185,"z":-4.544530868530273},"rotation":{"x":-0.03281266614794731,"y":-0.17096412181854249,"z":0.005697098094969988,"w":-0.9847227931022644},"size":104.7751693725586,"orthographic":false}