{"cameraMode":{"drawMode":0,"name":"Shaded","section":"Shading Mode"},"sceneLighting":true,"audioPlay":false,"sceneViewState":{"showFog":true,"showMaterialUpdate":false,"showSkybox":true,"showFlares":true,"showImageEffects":true,"showParticleSystems":true},"in2DMode":false,"pivot":{"x":-2.3042330741882326,"y":5.687124252319336,"z":-0.9921875},"rotation":{"x":0.0043829637579619888,"y":-0.9956160187721252,"z":-0.06399708986282349,"w":-0.06819970160722733},"size":33.453453063964847,"orthographic":false}